label,count,valid,invalid,sharpness_p10,sharpness_median,sharpness_p90,mean_median,std_median,white_ratio_median,green_ratio_median
0,400,400,0,20.9578800201416,59.86465835571289,104.59453582763672,124.60336303710938,49.050567626953125,0.09296874701976776,0.8787364363670349
1,400,400,0,24.707204818725586,68.99213409423828,127.64225769042969,65.27842712402344,44.31652069091797,0.10516304522752762,0.001222826074808836
2,400,400,0,25.10968589782715,58.78672790527344,70.20036315917969,110.76528930664062,44.703224182128906,0.217629075050354,0.00047554346383549273
3,400,400,0,28.131025314331055,79.4403076171875,120.89386749267578,68.28515625,50.78083038330078,0.11698369681835175,0.0005434782360680401
4,400,400,0,22.355989456176758,47.23004150390625,62.043888092041016,96.74300384521484,44.168792724609375,0.08603940159082413,0.0009510869276709855
5,400,400,0,23.920053482055664,64.87098693847656,135.76792907714844,59.47578430175781,45.81090545654297,0.09857337176799774,0.00027173911803402007
6,400,400,0,27.815759658813477,53.33363342285156,85.81061553955078,78.80176544189453,42.43495178222656,0.08389945328235626,0.0010190217290073633
7,400,400,0,22.317607879638672,65.23919677734375,122.76123046875,60.699798583984375,44.68657684326172,0.08913043141365051,0.00040760869160294533
8,400,400,0,27.3564510345459,49.577796936035156,68.07777404785156,87.83383178710938,46.513214111328125,0.0986413061618805,0.000611413037404418
9,400,400,0,32.26164245605469,72.29894256591797,110.85783386230469,65.40869140625,51.283226013183594,0.11759510636329651,0.0003396739193703979
10,400,400,0,36.488407135009766,70.01913452148438,94.74549865722656,94.86521911621094,53.27848815917969,0.15118885040283203,0.003804347710683942
11,400,400,0,22.84029197692871,63.171356201171875,81.67835235595703,101.13427734375,49.17534637451172,0.13067254424095154,0.0021739129442721605
12,400,400,0,44.3148193359375,116.98570251464844,161.37619018554688,80.22944641113281,61.013328552246094,0.19718071818351746,6.793477950850502e-05
13,400,400,0,30.297075271606445,74.49684143066406,99.93970489501953,91.48712921142578,51.979095458984375,0.142289400100708,0.002377717290073633
14,400,400,0,41.9648551940918,85.37211608886719,127.21898651123047,72.91375732421875,59.191993713378906,0.15852582454681396,0.0008152173832058907
15,400,400,0,36.15345764160156,95.29345703125,127.05570220947266,104.55526733398438,53.77333068847656,0.17112772166728973,0.001902173855341971
16,400,400,0,36.727848052978516,96.80917358398438,148.97532653808594,75.14283752441406,61.04859161376953,0.17167119681835175,0.001222826074808836
17,400,400,0,24.98095703125,59.093570709228516,81.65530395507812,80.50642395019531,47.972869873046875,0.11304347962141037,0.00047554346383549273
18,400,400,0,26.11505126953125,78.23587036132812,126.12911224365234,65.66759490966797,56.463783264160156,0.15027174353599548,3.396738975425251e-05
19,400,400,0,22.776826858520508,86.40347290039062,132.28689575195312,72.29341125488281,59.103477478027344,0.16338315606117249,6.793477950850502e-05
20,400,400,0,40.1209716796875,67.26448059082031,84.98551177978516,112.97872924804688,57.314231872558594,0.22309783101081848,0.0008831521845422685
21,400,400,0,24.573734283447266,108.22816467285156,147.3996124267578,82.60231018066406,60.388038635253906,0.19588994979858398,0.00047554346383549273
22,400,400,0,28.54688835144043,76.23446655273438,104.70994567871094,95.23756408691406,53.851356506347656,0.16453804075717926,0.0008152173832058907
23,400,400,0,41.849220275878906,118.37871551513672,159.3058319091797,91.98841857910156,65.66224670410156,0.24201765656471252,6.793477950850502e-05
24,400,400,0,21.2251033782959,62.0469856262207,76.61616516113281,104.45237731933594,53.901023864746094,0.1901494562625885,0.001528532593511045
25,400,400,0,27.084640502929688,120.19535827636719,173.97291564941406,83.79589080810547,63.58464050292969,0.20292119681835175,6.793477950850502e-05
26,400,400,0,43.39874267578125,78.09681701660156,96.5513916015625,109.20319366455078,56.73799514770508,0.19578804075717926,0.0013247282477095723
27,400,400,0,29.1265926361084,93.26504516601562,150.90914916992188,80.92000579833984,60.40764236450195,0.19565217196941376,6.793477950850502e-05
28,400,400,0,33.11461639404297,83.70447540283203,128.33489990234375,98.01055908203125,55.78459548950195,0.17989130318164825,0.00040760869160294533
29,400,400,0,25.76668357849121,63.79558181762695,84.5831298828125,97.6661376953125,57.055702209472656,0.17316576838493347,6.793477950850502e-05
30,400,400,0,35.360939025878906,127.36647033691406,167.2939453125,87.13199615478516,66.36083984375,0.22129756212234497,0.0
31,400,400,0,35.51152420043945,75.7584228515625,114.46768951416016,98.06963348388672,53.487335205078125,0.17248640954494476,0.005706521682441235
32,400,400,0,36.59958267211914,121.92872619628906,168.43133544921875,85.9341049194336,63.6833610534668,0.20764267444610596,0.001222826074808836
33,400,400,0,72.82910919189453,91.162353515625,106.7341537475586,118.38006591796875,55.997718811035156,0.251086950302124,0.00427989149466157
34,400,400,0,54.70020294189453,107.0828857421875,158.21231079101562,81.06915283203125,62.646324157714844,0.20771059393882751,0.000611413037404418
35,400,400,0,61.42805480957031,91.49176788330078,106.22062683105469,109.36042785644531,57.70042419433594,0.20394021272659302,0.0022418478038161993
36,400,400,0,32.42879104614258,105.14910888671875,153.21913146972656,81.158935546875,62.86083221435547,0.19639945030212402,0.0
