id,timestamp,number,score,margin,list_id,list_name,is_match,action_accepted,roi_path
ev-301a860101,2026-07-06T22:55:47,6,0.981,0.9799,list-1,List 1,False,False,data/evidence/final_6_20260706_225547_249820.png
ev-0575046e81,2026-07-06T22:56:31,6,0.9551,0.9527,list-1,List 1,False,False,data/evidence/final_6_20260706_225631_282823.png
ev-2582c90c9e,2026-07-06T22:56:33,18,0.8821,0.8727,list-1,List 1,True,True,data/evidence/final_18_20260706_225633_433342.png
ev-14c88d4593,2026-07-06T22:56:48,19,0.98,0.9791,list-1,List 1,False,False,data/evidence/final_19_20260706_225648_554685.png
ev-de3beebd32,2026-07-06T22:57:03,15,0.9106,0.9027,list-1,List 1,False,False,data/evidence/final_15_20260706_225703_897672.png
ev-2f23c6aa8c,2026-07-06T22:57:19,30,0.9762,0.9743,list-1,List 1,False,False,data/evidence/final_30_20260706_225719_554369.png
ev-5a4acea9a4,2026-07-06T22:57:33,3,0.9686,0.9671,list-1,List 1,False,False,data/evidence/final_3_20260706_225733_595398.png
ev-1db90ca142,2026-07-06T22:57:48,36,0.9642,0.9624,list-1,List 1,True,True,data/evidence/final_36_20260706_225748_808576.png
ev-90911ba40b,2026-07-06T22:58:02,1,0.9465,0.9414,list-1,List 1,False,False,data/evidence/final_1_20260706_225802_173546.png
ev-9ce3abde59,2026-07-06T22:58:15,14,0.9688,0.9664,list-1,List 1,False,False,data/evidence/final_14_20260706_225815_675792.png
ev-bde2fe22da,2026-07-06T22:58:28,27,0.9731,0.9717,list-1,List 1,False,False,data/evidence/final_27_20260706_225828_735842.png
ev-ce75af502b,2026-07-06T22:58:41,33,0.9812,0.9803,list-1,List 1,False,False,data/evidence/final_33_20260706_225841_667584.png
ev-d0061b5f8b,2026-07-06T22:58:55,28,0.944,0.9365,list-1,List 1,False,False,data/evidence/final_28_20260706_225855_664253.png
ev-8b5e523b8c,2026-07-06T22:59:23,5,0.9609,0.9588,list-1,List 1,False,False,data/evidence/final_5_20260706_225923_331054.png
ev-72b8e87e7c,2026-07-06T22:59:37,27,0.9863,0.9857,list-1,List 1,False,False,data/evidence/final_27_20260706_225937_724323.png
ev-e249b80734,2026-07-06T22:59:52,20,0.9801,0.9791,list-1,List 1,True,True,data/evidence/final_20_20260706_225952_333618.png
ev-3ed2d2a1a0,2026-07-06T23:00:07,22,0.9119,0.9046,list-1,List 1,False,False,data/evidence/final_22_20260706_230007_492036.png
ev-bb0cc1fd7f,2026-07-06T23:00:20,0,0.8878,0.877,list-1,List 1,True,True,data/evidence/final_0_20260706_230020_564191.png
ev-03a8f48174,2026-07-06T23:00:32,33,0.9844,0.9836,list-1,List 1,False,False,data/evidence/final_33_20260706_230032_404102.png
ev-be22f13e83,2026-07-06T23:00:46,10,0.9595,0.9569,list-1,List 1,True,True,data/evidence/final_10_20260706_230046_890424.png
ev-effff91201,2026-07-06T23:02:55,10,0.9625,0.9597,list-1,List 1,True,True,data/evidence/final_10_20260706_230255_433613.png
ev-b999d4556a,2026-07-06T23:03:11,26,0.9746,0.9732,list-1,List 1,False,False,data/evidence/final_26_20260706_230311_841738.png
ev-b126df7ca1,2026-07-06T23:03:26,25,0.9807,0.9799,list-1,List 1,False,False,data/evidence/final_25_20260706_230326_025223.png
ev-5cb3e6d9d1,2026-07-06T23:03:40,33,0.982,0.981,list-1,List 1,False,False,data/evidence/final_33_20260706_230340_310663.png
ev-eca99d0b10,2026-07-06T23:03:53,11,0.9686,0.9664,list-1,List 1,True,True,data/evidence/final_11_20260706_230353_504870.png
ev-e006302039,2026-07-06T23:04:08,29,0.9294,0.9244,list-1,List 1,True,True,data/evidence/final_29_20260706_230408_464354.png
ev-026df6c63a,2026-07-06T23:04:22,30,0.882,0.8655,list-1,List 1,False,False,data/evidence/final_30_20260706_230422_274550.png
ev-f9d0b103be,2026-07-06T23:04:35,4,0.9521,0.948,list-1,List 1,False,False,data/evidence/final_4_20260706_230435_259560.png
ev-3894208255,2026-07-06T23:04:49,14,0.9588,0.9546,list-1,List 1,False,False,data/evidence/final_14_20260706_230449_687956.png
ev-a9cee99227,2026-07-06T23:05:04,9,0.9472,0.9437,list-1,List 1,False,False,data/evidence/final_9_20260706_230504_044337.png
ev-0417d51911,2026-07-06T23:05:17,24,0.9331,0.9287,list-1,List 1,True,True,data/evidence/final_24_20260706_230517_558384.png
ev-e7fd5cc2fb,2026-07-06T23:22:05,33,0.9819,0.9811,list-2,List 2,False,False,data/evidence/final_33_20260706_232205_655087.png
ev-0fc3f769d1,2026-07-06T23:22:25,28,0.9736,0.9719,list-2,List 2,False,False,data/evidence/final_28_20260706_232225_052465.png
ev-f5c1502fca,2026-07-06T23:22:52,5,0.9785,0.9776,list-2,List 2,False,False,data/evidence/final_5_20260706_232252_836714.png
ev-28aa9e99d4,2026-07-06T23:23:07,27,0.9662,0.9641,list-2,List 2,False,False,data/evidence/final_27_20260706_232307_099928.png
ev-2206854451,2026-07-06T23:23:21,20,0.9492,0.9435,list-2,List 2,False,False,data/evidence/final_20_20260706_232321_689587.png
ev-4b7a3bd727,2026-07-06T23:23:36,22,0.9737,0.9725,list-2,List 2,False,False,data/evidence/final_22_20260706_232336_895068.png
ev-b1aa246e2d,2026-07-06T23:23:49,0,0.9778,0.9767,list-2,List 2,False,False,data/evidence/final_0_20260706_232349_951451.png
ev-724340f059,2026-07-06T23:24:01,33,0.9795,0.9785,list-2,List 2,False,False,data/evidence/final_33_20260706_232401_705246.png
ev-9e939f7c07,2026-07-06T23:24:16,10,0.9008,0.892,list-2,List 2,True,True,data/evidence/final_10_20260706_232416_220783.png
ev-bd5e265928,2026-07-06T23:24:31,26,0.936,0.9319,list-2,List 2,False,False,data/evidence/final_26_20260706_232431_058270.png
ev-86ab9d792b,2026-07-06T23:24:45,25,0.9712,0.9699,list-2,List 2,True,True,data/evidence/final_25_20260706_232445_229293.png
ev-6ffc107d49,2026-07-06T23:24:59,33,0.9839,0.9832,list-2,List 2,False,False,data/evidence/final_33_20260706_232459_618164.png
ev-3344ad9392,2026-07-06T23:25:12,11,0.9253,0.9149,list-2,List 2,True,True,data/evidence/final_11_20260706_232512_774427.png
ev-54ef8f037e,2026-07-06T23:25:27,29,0.9498,0.9468,list-2,List 2,False,False,data/evidence/final_29_20260706_232527_778348.png
ev-7581b26f74,2026-07-06T23:25:41,30,0.9834,0.9825,list-2,List 2,False,False,data/evidence/final_30_20260706_232541_551232.png
ev-4e3f1d3ac4,2026-07-06T23:25:54,4,0.9439,0.9386,list-2,List 2,False,False,data/evidence/final_4_20260706_232554_494867.png
ev-33cdf70bca,2026-07-06T23:26:08,14,0.9634,0.959,list-2,List 2,False,False,data/evidence/final_14_20260706_232608_963655.png
ev-90e5f77241,2026-07-06T23:28:00,24,0.9583,0.9546,list-2,List 2,True,True,data/evidence/final_24_20260706_232800_799011.png
ev-89327af733,2026-07-06T23:28:14,22,0.9288,0.9234,list-2,List 2,False,False,data/evidence/final_22_20260706_232814_499780.png
ev-f68f7fa316,2026-07-06T23:28:28,35,0.9214,0.9155,list-2,List 2,False,False,data/evidence/final_35_20260706_232828_353012.png
ev-5550d15d3e,2026-07-06T23:28:40,35,0.9724,0.9699,list-2,List 2,False,False,data/evidence/final_35_20260706_232840_369109.png
ev-5657364c21,2026-07-06T23:28:42,23,0.9435,0.9398,list-2,List 2,False,False,data/evidence/final_23_20260706_232842_668257.png
ev-d63883296a,2026-07-06T23:28:56,22,0.9007,0.8938,list-2,List 2,False,False,data/evidence/final_22_20260706_232856_700462.png
ev-755dcf5660,2026-07-06T23:29:11,30,0.9773,0.9756,list-2,List 2,False,False,data/evidence/final_30_20260706_232911_740158.png
ev-f968ec9eca,2026-07-06T23:29:26,17,0.969,0.9664,list-2,List 2,True,True,data/evidence/final_17_20260706_232926_334574.png
ev-9f441b29ef,2026-07-06T23:29:41,5,0.9509,0.9478,list-1,List 1,False,False,data/evidence/final_5_20260706_232941_081567.png
ev-55e3038749,2026-07-06T23:29:55,8,0.9757,0.9745,list-1,List 1,True,True,data/evidence/final_8_20260706_232955_537710.png
ev-3e876a09fb,2026-07-06T23:30:08,25,0.9792,0.9782,list-1,List 1,False,False,data/evidence/final_25_20260706_233008_599073.png
ev-eddce088e3,2026-07-06T23:30:23,15,0.9551,0.951,list-1,List 1,False,False,data/evidence/final_15_20260706_233023_129530.png
ev-77a816ecc0,2026-07-06T23:30:36,24,0.9549,0.9509,list-1,List 1,True,True,data/evidence/final_24_20260706_233036_731583.png
ev-131cdf315a,2026-07-06T23:30:49,27,0.9842,0.9834,list-1,List 1,False,False,data/evidence/final_27_20260706_233049_525841.png
ev-99eadbaec6,2026-07-06T23:31:03,24,0.9247,0.9183,list-1,List 1,True,True,data/evidence/final_24_20260706_233103_367301.png
ev-4564918489,2026-07-06T23:31:17,6,0.9721,0.9691,list-1,List 1,False,False,data/evidence/final_6_20260706_233117_820643.png
ev-22b57d13a0,2026-07-06T23:31:30,28,0.8878,0.8782,list-1,List 1,False,False,data/evidence/final_28_20260706_233130_822991.png
ev-8d6e706fb3,2026-07-06T23:31:43,25,0.978,0.977,list-1,List 1,False,False,data/evidence/final_25_20260706_233143_594690.png
ev-51da403677,2026-07-06T23:31:56,4,0.9602,0.9568,list-1,List 1,False,False,data/evidence/final_4_20260706_233156_003325.png
ev-cf542330e3,2026-07-06T23:32:09,33,0.9818,0.9809,list-1,List 1,False,False,data/evidence/final_33_20260706_233209_391403.png
ev-15f548c518,2026-07-06T23:32:22,8,0.9513,0.9481,list-1,List 1,True,True,data/evidence/final_8_20260706_233222_325829.png
ev-946ee6a9e3,2026-07-06T23:32:36,35,0.9597,0.9552,list-1,List 1,True,True,data/evidence/final_35_20260706_233236_949134.png
ev-fbefd33d47,2026-07-10T01:05:43,27,0.8678,0.8322,list-1,List 1,False,False,data/evidence/final_27_20260710_010543_188929.png
ev-70463c3812,2026-07-10T01:05:47,1,0.9362,0.9229,list-1,List 1,False,False,data/evidence/final_1_20260710_010547_131469.png
ev-91672fa5c3,2026-07-10T01:06:33,27,0.9428,0.9346,list-1,List 1,False,False,data/evidence/final_27_20260710_010633_259607.png
ev-c666959d1e,2026-07-10T01:07:11,12,0.9275,0.9202,list-1,List 1,True,True,data/evidence/final_12_20260710_010711_133274.png
ev-bc6e3a9a5e,2026-07-10T01:07:59,13,0.9233,0.914,list-1,List 1,True,True,data/evidence/final_13_20260710_010759_188649.png
ev-f0baeb1f63,2026-07-10T01:08:15,27,0.9586,0.9525,list-1,List 1,True,True,data/evidence/final_27_20260710_010815_624315.png
ev-d9c4464d34,2026-07-10T01:08:22,13,0.8624,0.8466,list-1,List 1,True,True,data/evidence/final_13_20260710_010822_358111.png
ev-419f5c9cbd,2026-07-10T01:11:18,27,0.9414,0.9346,list-1,List 1,True,True,data/evidence/final_27_20260710_011118_210854.png
ev-e77919ead9,2026-07-10T01:11:32,1,0.8651,0.8429,list-1,List 1,False,False,data/evidence/final_1_20260710_011132_473704.png
ev-ddd5419965,2026-07-10T01:11:38,27,0.9109,0.8994,list-1,List 1,True,True,data/evidence/final_27_20260710_011138_360575.png
ev-b76f19ac8c,2026-07-10T01:12:41,13,0.9358,0.9261,list-1,List 1,True,True,data/evidence/final_13_20260710_011241_059760.png
ev-1024765a8b,2026-07-10T01:12:42,27,0.9424,0.9368,list-1,List 1,True,True,data/evidence/final_27_20260710_011242_929894.png
ev-9ed7322f24,2026-07-10T01:16:38,13,0.8852,0.8628,list-1,List 1,True,True,data/evidence/final_13_20260710_011638_386793.png
ev-f73a7416bc,2026-07-10T01:16:49,27,0.9584,0.9549,list-1,List 1,True,True,data/evidence/final_27_20260710_011649_168888.png
ev-fe2c97bf4b,2026-07-10T01:17:03,1,0.8997,0.8653,list-1,List 1,False,False,data/evidence/final_1_20260710_011703_612141.png
ev-c70d8c7753,2026-07-10T01:23:06,5,0.858,0.8467,list-1,List 1,False,False,data/evidence/final_5_20260710_012306_508639.png
ev-dcd2106c8d,2026-07-10T01:23:20,7,0.9506,0.9467,list-1,List 1,False,False,data/evidence/final_7_20260710_012320_257677.png
ev-9a0cc46a62,2026-07-10T01:23:39,24,0.8953,0.88,list-1,List 1,True,True,data/evidence/final_24_20260710_012339_444476.png
ev-642b16a290,2026-07-10T01:23:49,3,0.9173,0.9087,list-1,List 1,False,False,data/evidence/final_3_20260710_012349_771699.png
ev-84aed254e7,2026-07-10T01:24:05,19,0.8791,0.8703,list-1,List 1,False,False,data/evidence/final_19_20260710_012404_998870.png
ev-31cead4f44,2026-07-10T01:24:18,5,0.9074,0.8958,list-1,List 1,False,False,data/evidence/final_5_20260710_012418_099718.png
ev-7edbb9f071,2026-07-10T01:24:31,7,0.9482,0.9427,list-1,List 1,False,False,data/evidence/final_7_20260710_012431_217936.png
ev-ad1f9bf783,2026-07-10T01:24:48,24,0.9047,0.8919,list-1,List 1,True,True,data/evidence/final_24_20260710_012448_485594.png
ev-c1b932d083,2026-07-10T01:25:44,29,0.8746,0.8657,list-1,List 1,True,True,data/evidence/final_29_20260710_012544_485711.png
ev-ffef90ba50,2026-07-10T01:26:17,27,0.9314,0.9226,list-1,List 1,True,True,data/evidence/final_27_20260710_012617_182893.png
ev-47519ba69a,2026-07-10T01:26:41,14,0.8706,0.8585,list-1,List 1,False,False,data/evidence/final_14_20260710_012641_028426.png
ev-d7c6e466d3,2026-07-10T01:26:42,29,0.8527,0.8425,list-1,List 1,True,True,data/evidence/final_29_20260710_012642_518983.png
ev-016a12afa5,2026-07-10T01:26:58,36,0.9716,0.9685,list-1,List 1,True,True,data/evidence/final_36_20260710_012658_170177.png
ev-f63798424a,2026-07-10T01:27:12,20,0.8991,0.8898,list-1,List 1,True,True,data/evidence/final_20_20260710_012712_503018.png
ev-31722c05d1,2026-07-10T01:27:29,27,0.9241,0.914,list-1,List 1,True,True,data/evidence/final_27_20260710_012729_967451.png
ev-822bcc4d07,2026-07-10T01:28:01,8,0.8909,0.8494,list-1,List 1,True,True,data/evidence/final_8_20260710_012801_039378.png
ev-0f62d6d0a6,2026-07-10T01:28:11,11,0.966,0.9617,list-1,List 1,True,True,data/evidence/final_11_20260710_012811_756441.png
ev-aa2fd488d0,2026-07-10T01:28:24,20,0.8889,0.8752,list-1,List 1,True,True,data/evidence/final_20_20260710_012824_740218.png
ev-1e8f1f181b,2026-07-10T01:29:37,28,0.9815,0.98,list-1,List 1,False,False,data/evidence/final_28_20260710_012937_147914.png
ev-8cf699e3a8,2026-07-10T01:30:20,30,0.95,0.9454,list-1,List 1,False,False,data/evidence/final_30_20260710_013020_192260.png
ev-253c397c6f,2026-07-10T09:19:35,12,0.8902,0.8748,list-1,List 1,True,True,data/evidence/final_12_20260710_091935_012855.png
ev-8c481a6717,2026-07-10T09:20:03,27,0.8999,0.8844,list-1,List 1,True,True,data/evidence/final_27_20260710_092003_763296.png
ev-2983ed9e56,2026-07-10T09:20:16,1,0.875,0.8428,list-1,List 1,False,False,data/evidence/final_1_20260710_092016_823447.png
ev-6338868b97,2026-07-10T09:25:08,27,0.8717,0.8478,list-1,List 1,True,True,data/evidence/final_27_20260710_092508_077924.png
ev-db7060a32d,2026-07-10T09:25:10,1,0.8988,0.8788,list-1,List 1,False,False,data/evidence/final_1_20260710_092510_251280.png
ev-e2ebcc48e6,2026-07-10T09:25:37,34,0.951,0.945,list-1,List 1,False,False,data/evidence/final_34_20260710_092537_392172.png
ev-c47e3fcbf5,2026-07-10T09:25:52,26,0.9036,0.8901,list-1,List 1,False,False,data/evidence/final_26_20260710_092552_212852.png
ev-4a8bcb9861,2026-07-10T09:26:00,12,0.8843,0.8674,list-1,List 1,True,True,data/evidence/final_12_20260710_092600_440822.png
ev-78010a252c,2026-07-10T09:26:12,13,0.8929,0.8759,list-1,List 1,True,True,data/evidence/final_13_20260710_092612_245775.png
