lens_position,sharpness_median,sharpness_average,overexposed_ratio,white_ratio,quality_score
3.0,46.44381829937825,80.32083897264333,0.020100203804347825,0.07065217391304349,45.510288086108645
3.5,46.26924912681652,46.29551228744997,0.021569293478260868,0.07085597826086956,45.271254113381445
4.0,50.05949401278577,49.91056093096958,0.023038383152173915,0.07004925271739129,48.906204209315256
4.5,53.718606358547966,53.625847869469226,0.024532948369565218,0.06917459239130434,52.40073056226871
5.0,57.876284165842094,57.77356104484804,0.026324728260869568,0.06768002717391305,56.35270671242743
5.5,60.29165860094962,60.239707776017354,0.027250339673913042,0.06760360054347825,58.64869042457014
6.0,61.35307677184251,61.365883788485604,0.028311820652173914,0.06740828804347826,59.61605946581904
6.5,65.30518731908671,65.24606069871292,0.029415760869565218,0.06665251358695652,63.38418554536629
7.0,69.54957782593927,69.57583894841386,0.03051970108695652,0.06640625,67.42694549996757
7.5,73.36304742420103,73.14354952027983,0.03072350543478261,0.06638077445652174,71.10907743795137
8.0,78.78742076736768,78.69034195090512,0.030511209239130435,0.06611752717391303,76.38352128692311
8.5,107.96521072474229,106.6860229169128,0.03030740489130435,0.06584578804347826,104.69306536913253
9.0,174.4485612109929,171.29591989268428,0.02837975543478261,0.06547214673913043,169.4977537078752
9.5,278.38069182253514,271.3425946125687,0.02820991847826087,0.0653023097826087,270.5275952002996
10.0,368.7606294443747,363.24193375643347,0.027836277173913043,0.065234375,358.4957063523344
10.5,397.8391191277026,395.9864671432408,0.02686820652173913,0.06578634510869566,387.1498955125527
11.0,465.29005068110155,456.588768464577,0.024787703804347826,0.06591372282608696,453.7565787217084
11.5,478.74660040640873,474.0952484857743,0.020694633152173913,0.06532778532608696,468.8391151381477
12.0,430.4064410435004,429.3136936555513,0.021221127717391302,0.06551460597826086,421.2727309877285
12.5,305.807423949503,314.10868171100583,0.02097486413043478,0.06632982336956522,299.3931547820839
13.0,161.4756357694168,170.89045026234731,0.023454483695652173,0.06768851902173914,157.68830810301796
13.5,95.8483064209446,98.4282466814874,0.025764266304347826,0.06821501358695653,93.37884512949465
14.0,68.06511460071701,69.01461866584302,0.02770889945652174,0.06886888586956522,66.17910518374912
